№,▼▲,ФИО,Клуб,AG,Место в AG,Сумма,Империал Индор Триатлон,Зимний триатлон. Логойск,Зимний дуатлон. Логойск,Минск Индор Триатлон,Дуатлон. Дрогичин,Триатлон МогиЛев,Олимпийка. Брест,Кросс-триатлон. У Ганны,Спринт. Гомель,Спринт. Святск,Полная. Минский Триатлон,Половинка. Минский Триатлон,Олимпийка. Минский Триатлон,Спринт. Минский Триатлон,Кросс-триатлон. Гомель,Кросс-дуатлон. Гомель,Акватлон. Солигорск,Кросс-триатлон. Браслав,Дуатлон. Логойск
1,−0,Викентьева Елена Александровна,-,40-49,,3794.70,,,,630.13,622.81,637.32,723.82,,,700.0,1000.0,,,,,,680.34,,690.54
2,▲5,Черемисинова Анна Александровна,Anaerobe,30-39,,3661.69,,700.0,,,,683.36,727.31,649.37,,,,751.02,,,,,,700.0,800.0
3,▼1,Медведева Илонна Александровна,СК Сож,30-39,,3530.68,,,,,656.09,,680.38,,700.0,,,794.21,,,,700.0,,,
4,▼1,Науменко Анна Александровна,-,30-39,1,3315.29,559.75,,,582.42,565.5,598.81,,,657.95,666.16,,,683.99,,,624.42,,,682.77
5,▼1,Кузнецова Марина Алексеевна,-,18-29,1,3218.30,592.35,,,601.21,499.93,587.35,,518.02,,644.75,,,698.64,,,,700.0,,573.7
6,▼1,Врублевская Юлия Николаевна,Grebenstar,30-39,2,3195.85,700.0,,,700.0,700.0,,800.0,,,,,900.0,,,,,,,795.85
7,▼1,Клебанович Виктория Николаевна,Tristyle,30-39,3,2883.13,644.2,,,683.13,,700.0,,700.0,,,,,800.0,,,,,,
8,−0,Матвийко Надежда Геннадьевна,-,40-49,1,2852.60,524.2,,,,523.07,571.37,571.89,,,,,626.58,,,,,559.69,,
9,−0,Марзан Ольга Леонидовна,Altius,40-49,2,2630.29,491.6,,,503.39,457.09,490.41,435.26,487.0,596.91,530.19,,423.65,,,610.84,,,,
10,−0,Гаврилова Алла Владиславовна,FARTLEK RUNNING CLUB,50+,1,2341.04,502.47,,,,395.73,447.62,396.3,396.84,,,,,,516.21,,,530.33,,
11,−0,Филимонова Виктория Михайловна,—,18-29,2,2287.27,,,,499.05,493.49,594.73,,,,,,,,700.0,,,,,
12,▲2,Моисеева Вероника Сергеевна,Падабайка-RUN,40-49,3,2286.33,424.94,237.5,,,,457.28,,,430.77,,,,511.4,,,510.62,468.12,469.48,337.55
13,▼1,Безнощенко Виктория Владимировна,Tristyle,30-39,4,2123.38,,,,436.4,348.43,596.6,,,678.99,,,,,659.56,,,,,
14,▲4,Ванчук Оксана Валентиновна,Tristyle,40-49,4,2070.76,510.86,,,584.35,,,479.3,,,,,,482.63,,,,595.24,,408.54
15,▼2,Ковалёва Диана Васильевна,RunStudio,30-39,5,1980.07,621.48,,,625.79,,,,,,,,,622.35,,700.0,,657.72,,
16,▼1,Цацарина Екатерина Вадимовна,-,30-39,6,1941.99,,392.47,,,,,,,558.18,,,356.26,,,542.73,,484.82,,
17,▼1,Войтович Мария Александровна,Прочерк,30-39,7,1886.22,439.26,,,434.96,,,,,,534.95,,,477.05,,,,,,
18,▼1,Адамович Ирина Антоновна,Виктория/DRC,50+,2,1692.39,533.09,,,529.89,,,,,,,,,629.41,,,,,,
19,−0,Попова Светлана Владимировна,Tristyle,50+,3,1646.79,533.09,,,548.2,565.5,,,,,,,,,,,,,,
20,−0,Вечорко Елена Сергеевна,-,40-49,5,1382.82,,,,614.7,,,,,,,,768.12,,,,,,,
21,−0,Коротыш Ирина Владимировна,Тристайл,40-49,6,1242.86,,,,,573.62,,,,,,,,,669.24,,,,,
22,−0,Адамович Ирина Владимировна,TRISTYLE,50+,4,1226.42,,,,592.06,,,,,,,,,634.36,,,,,,
23,−0,Борисова Анастасия Валентиновна,БФТ,18-29,3,960.47,,,,471.58,,488.89,,,,,,,,,,,,,
24,−0,Малаховская Татьяна Игоревна,-,30-39,8,882.37,,,,,,,,,,,882.37,,,,,,,,
25,−0,Шеремет Евгения Николаевна,-,40-49,7,700.00,,,700.0,,,,,,,,,,,,,,,,
26,−0,Войтик Татьяна Николаевна,S-sportas,40-49,8,0.00,,,,,,,,,,,,,,,,,,,
26,−0,Гарбар Ирина Александровна,-,40-49,8,0.00,,,,,,,,,,,,,,,,,,,
26,−0,Куделко Екатерина Анатольевна,Tristyle,40-49,8,0.00,,,,,,,,,,,,,,,,,,,
26,−0,Иванова Кристина Вячеславовна,Tristyle,40-49,8,0.00,,,,,,,,,,,,,,,,,,,
26,−0,Малахова Дарья Александровна,Tristyle,40-49,8,0.00,,,,,,,,,,,,,,,,,,,
26,−0,Аксёнова Виктория Геннадьевна,-,30-39,9,0.00,,,,,,,,,,,,,,,,,,,
26,−0,Пушкина Ольга Игоревна,-,50+,5,0.00,,,,,,,,,,,,,,,,,,,
