Абсолют,М/Ж,Группа,Bib,Участник,Пол,Возр. группа,Команда,Бег1,Т1,Вело,Т2,Бег2,Финиш
1.,1.,1.,34,Харитонов Никита,М,М18-29,Многобор,15:41,00:36,1:02:30,00:39,18:39,1:38:05.0
2.,2.,1.,36,Гребенчук Максим,М,М30-39,Grebenstar,16:39,00:32,1:01:24,00:30,19:55,1:39:00.0
3.,3.,1.,48,Кочержук Александр,М,М40-49,ON-BIKE TEAM,17:02,00:52,1:00:51,00:41,20:25,1:39:51.0
4.,4.,2.,21,Shulhich Андрей,М,М40-49,TRISTYLE,16:32,00:34,1:04:36,00:48,17:41,1:40:11.0
5.,5.,1.,20,Викентьев Алексей,М,М50+,VIKENTIEV TEAM,16:50,00:28,1:04:51,00:33,17:36,1:40:18.0
6.,6.,2.,3,Драпун Александр,М,М18-29,Tristyle,16:48,00:41,1:04:37,00:42,19:22,1:42:10.0
7.,7.,3.,54,Кудрявцев Александр,М,М40-49,,16:24,00:32,1:07:15,00:35,17:59,1:42:45.0
8.,8.,4.,8,Бузо Александр,М,М40-49,Виктория,15:32,00:51,1:09:42,00:59,16:33,1:43:37.0
9.,9.,5.,33,Харитонов Виталий,М,М40-49,Многобор,16:58,00:40,1:07:20,00:44,18:32,1:44:14.0
10.,10.,6.,22,Ларионов Андрей,М,М40-49,BikeTourist.club,17:09,00:52,1:06:45,00:44,19:56,1:45:26.0
11.,11.,7.,52,Слободько Дмитрий,М,М40-49,,17:29,00:36,1:07:46,00:41,20:17,1:46:49.0
12.,12.,8.,19,Жук Олег,М,М40-49,security,16:17,01:03,1:09:20,01:12,19:17,1:47:09.0
13.,13.,2.,24,Семашкевич Михаил,М,М30-39,ALTIUS!,17:03,00:51,1:10:00,01:08,18:20,1:47:22.0
14.,14.,9.,14,Паленый Виктор,М,М40-49,Run4Fun.By,19:59,00:58,1:08:29,00:49,17:30,1:47:45.0
15.,15.,10.,16,Тарасенко Артем,М,М40-49,Три-О,17:12,00:30,1:12:18,00:39,19:20,1:49:59.0
16.,16.,2.,30,Маркович Александр,М,М50+,Могилев триатлон Тим,17:49,00:26,1:09:56,00:52,21:21,1:50:24.0
17.,17.,3.,10,Прокопович Сергей,М,М30-39,Tristyle / Rovar Cycling Club,18:47,00:49,1:08:25,01:57,23:49,1:53:47.0
18.,18.,11.,1,Конопляник Владимир,М,М40-49,Многобор,17:48,00:48,1:11:59,00:48,22:40,1:54:03.0
19.,19.,12.,42,Девятников Дмитрий,М,М40-49,,19:56,00:47,1:10:03,00:51,22:32,1:54:09.0
20.,1.,1.,39,Черемисинова Анна,Ж,Ж18-39,Anaerobe,19:28,00:33,1:12:41,00:48,20:52,1:54:22.0
21.,2.,2.,37,Врублевская Юлия,Ж,Ж18-39,GREBENSTAR/ON-BIKE,17:14,00:39,1:16:45,00:43,19:33,1:54:54.0
22.,20.,13.,32,Юрков Александр,М,М40-49,Регион,17:23,00:38,1:16:35,00:49,22:06,1:57:31.0
23.,21.,3.,31,Камчатный Владимир,М,М50+,Многобор,19:53,00:42,1:14:07,00:42,23:06,1:58:30.0
24.,3.,3.,28,Глушакова Елизавета,Ж,Ж18-39,Tristyle,17:03,00:54,1:17:46,00:47,22:09,1:58:39.0
25.,22.,4.,18,Антоненко Сергей,М,М30-39,,18:56,00:38,1:18:19,00:51,20:49,1:59:33.0
26.,23.,5.,2,Планин Юрий,М,М30-39,,18:54,01:30,1:17:37,01:19,20:28,1:59:48.0
27.,24.,14.,35,Липский Кирилл,М,М40-49,SPIRIT Endurance Club,18:45,01:11,1:20:30,01:21,21:20,2:03:07.0
28.,25.,15.,43,Катуш Вадим,М,М40-49,,19:35,01:03,1:20:14,01:11,23:16,2:05:19.0
29.,26.,6.,9,Левчук Максим,М,М30-39,Лично,19:01,01:27,1:22:49,01:38,22:14,2:07:09.0
30.,27.,16.,6,Курата Кеннет,М,М40-49,Аматар,18:57,00:42,1:24:22,00:58,22:36,2:07:35.0
31.,28.,7.,45,Басаков Владимир,М,М30-39,,21:14,00:56,1:19:03,01:25,25:28,2:08:06.0
32.,4.,1.,17,Викентьева Елена,Ж,Ж40+,VIKENTIEV TEAM,21:30,00:27,1:20:35,00:43,25:12,2:08:27.0
33.,5.,4.,13,Науменко Анна,Ж,Ж18-39,Tristyle,21:18,00:48,1:23:17,00:53,23:11,2:09:27.0
34.,6.,5.,26,Занчурина Алена,Ж,Ж18-39,RUN4FUN.BY,17:01,00:55,1:31:52,00:49,19:29,2:10:06.0
35.,29.,17.,27,Лебедев Александр,М,М40-49,NE PROFI,22:16,01:00,1:23:07,00:54,25:52,2:13:09.0
36.,30.,8.,23,Карпович Алексей,М,М30-39,UTribe,20:06,00:55,1:26:20,01:00,25:00,2:13:21.0
37.,31.,9.,38,Мостовский Николай,М,М30-39,Yellow Submarine,25:02,01:13,1:23:11,01:27,23:35,2:14:28.0
38.,32.,10.,29,Кокотов Семен,М,М30-39,,22:14,01:17,1:25:54,01:26,25:12,2:16:03.0
39.,7.,6.,11,Кузнецова Марина,Ж,Ж18-39,SPIRIT Endurance,23:06,01:07,1:31:54,00:50,26:32,2:23:29.0
40.,33.,18.,15,Манюхин Андрей,М,М40-49,Altius!,22:30,01:08,1:26:59,01:28,33:38,2:25:43.0
41.,34.,19.,51,Ощепков Денис,М,М40-49,,20:09,00:56,1:45:11,00:47,27:10,2:34:13.0
42.,35.,11.,4,Глухов Максим,М,М30-39,Rovar Cycling Club,24:14,01:27,1:35:25,02:15,32:37,2:35:58.0
43.,8.,2.,53,Ванчук Оксана,Ж,Ж40+,,22:45,01:33,1:53:35,00:46,26:05,2:44:44.0
44.,9.,3.,44,Моисеева Вероника,Ж,Ж40+,Падабайка-RUN / БФТ /Моржи Столицы,23:37,00:39,2:01:10,00:39,27:47,2:53:52.0
45.,10.,4.,40,Волкова-Шпаковская Ольга,Ж,Ж40+,ProRun,25:38,01:02,2:01:31,00:51,27:20,2:56:22.0
