Абсолют,М/Ж,Группа,Bib,Участник,Пол,Возр. группа,Команда,Бег1,Т1,Вело,Т2,Бег2,Финиш,Место,Очки в рейтинг
20.,1.,1.,39,Черемисинова Анна,Ж,Ж18-39,Anaerobe,19:28,00:33,1:12:41,00:48,20:52,1:54:22.0,1,800.0
21.,2.,2.,37,Врублевская Юлия,Ж,Ж18-39,GREBENSTAR/ON-BIKE,17:14,00:39,1:16:45,00:43,19:33,1:54:54.0,2,795.85
24.,3.,3.,28,Глушакова Елизавета,Ж,Ж18-39,Tristyle,17:03,00:54,1:17:46,00:47,22:09,1:58:39.0
32.,4.,1.,17,Викентьева Елена,Ж,Ж40+,VIKENTIEV TEAM,21:30,00:27,1:20:35,00:43,25:12,2:08:27.0,3,690.54
33.,5.,4.,13,Науменко Анна,Ж,Ж18-39,Tristyle,21:18,00:48,1:23:17,00:53,23:11,2:09:27.0,4,682.77
34.,6.,5.,26,Занчурина Алена,Ж,Ж18-39,RUN4FUN.BY,17:01,00:55,1:31:52,00:49,19:29,2:10:06.0
39.,7.,6.,11,Кузнецова Марина,Ж,Ж18-39,SPIRIT Endurance,23:06,01:07,1:31:54,00:50,26:32,2:23:29.0,5,573.7
43.,8.,2.,53,Ванчук Оксана,Ж,Ж40+,,22:45,01:33,1:53:35,00:46,26:05,2:44:44.0,6,408.54
44.,9.,3.,44,Моисеева Вероника,Ж,Ж40+,Падабайка-RUN / БФТ /Моржи Столицы,23:37,00:39,2:01:10,00:39,27:47,2:53:52.0,7,337.55
45.,10.,4.,40,Волкова-Шпаковская Ольга,Ж,Ж40+,ProRun,25:38,01:02,2:01:31,00:51,27:20,2:56:22.0
